category,id,type,status,monthly_premium_krw,notes
source,src_tongyang_wooriwon_cancer_202605,insurance_product_source,approved,11000,official sale-products row and matching review complete
document,doc_tongyang_life_wooriwon_cancer_summary_202603,summary,seed_ready,,sha256 960aae81795907c539b11667d3804534dc2b3b04c1da2df4f2b4e6d4381097b5
document,doc_tongyang_life_wooriwon_cancer_business_202603,business_method,seed_ready,,sha256 4d67901f7df9d4bc631b6cd8d4c371cdb68e4a4b15a01f952f43a3ebf751b18f
document,doc_tongyang_life_wooriwon_cancer_terms_202603,terms,seed_ready,,sha256 882cb3784644e040027c16c984ae8c8c84bd3a12507949063967c618fdc81cb2
quote,quote_src_tongyang_wooriwon_cancer_202605_age34_female_1015b0165c0e,age34_female,approved,11000,representative condition
quote,quote_src_tongyang_wooriwon_cancer_202605_age34_male_d2e77ecf4a0c,age34_male,approved,9700,DB read-only ID confirmed
quote,quote_src_tongyang_wooriwon_cancer_202605_age44_female_9cf2588db68b,age44_female,approved,14100,DB read-only ID confirmed
quote,quote_src_tongyang_wooriwon_cancer_202605_age44_male_99a3f15d59fc,age44_male,approved,17100,DB read-only ID confirmed
product,prod_tongyang_wooriwon_cancer_202605,insurance_product,approved_active,11000,source-backed oncology recommendation snapshot
