generated_at,provider,product_group,raw_product_name,premium_text,e_insmarket_product_code,e_insmarket_source_url,official_product_url,product_page_status,product_page_hashed_documents,carrier_result_status,carrier_best_match_score,carrier_hashed_documents,hashed_document_types,hashed_document_sha256,hashed_document_urls,review_status,blockers,next_action
2026-05-28T02:28:05.352+09:00,한화생명,암보험,한화생명 e암보험(비갱신형)(무)(표준체형),0원,L01C009000009,https://e-insmarket.or.kr/m/cancerIns/cancerInsList.knia?action=search&age=34&enterType=A&indemnityTypeA=1&prdtSmlClsCd=D001&renewTypeA=C1&renewTypeB=&sex=2,https://direct.hanwhalife.com/products/CMS00012?utm_source=einsmarket_mo&utm_medium=association&utm_campaign=cancer,accessible,2,not_probed,0,0,summary|terms,acea8fcef33624a66dd898a729e283004f2a520f8a77daa55db9a3a22bed4d3f|918796d28b8274195258621c08c32c87159c18b1a50fb6e6f653a8c42ba8f7ed,https://direct.hanwhalife.com/products/downloadProxy/%ED%95%9C%ED%99%94%EC%83%9D%EB%AA%85%20e%EC%95%94%EB%B3%B4%ED%97%98(%EB%B9%84%EA%B0%B1%EC%8B%A0%ED%98%95)%20%EB%AC%B4%EB%B0%B0%EB%8B%B9_%EC%83%81%ED%92%88%EC%9A%94%EC%95%BD%EC%84%9C_20260417.pdf?docUrl=dynamic/direct/product/cms_edaqInsr09Jt0RKh_1776383454363.pdf|https://direct.hanwhalife.com/products/downloadProxy/%ED%95%9C%ED%99%94%EC%83%9D%EB%AA%85%20e%EC%95%94%EB%B3%B4%ED%97%98(%EB%B9%84%EA%B0%B1%EC%8B%A0%ED%98%95)%20%EB%AC%B4%EB%B0%B0%EB%8B%B9_%EC%95%BD%EA%B4%80_20260417.pdf?docUrl=dynamic/direct/product/cms_T3jquWCZurf6YKm6_1776383470397.pdf,needs_human_review,sale_status_unapproved|premium_basis_unapproved|coverage_category_unapproved|risk_targets_unapproved,"Verify product identity, sale status, premium basis, coverage_category, and risk_targets."
2026-05-28T02:28:05.352+09:00,한화생명,암보험,한화생명 e암보험(비갱신형)(무)(비흡연체형),0원,L01C009000010,https://e-insmarket.or.kr/m/cancerIns/cancerInsList.knia?action=search&age=34&enterType=A&indemnityTypeA=1&prdtSmlClsCd=D001&renewTypeA=C1&renewTypeB=&sex=2,https://direct.hanwhalife.com/products/CMS00012?utm_source=einsmarket_mo&utm_medium=association&utm_campaign=cancer,not_probed,0,not_probed,0,0,,,,needs_source_document,official_document_hash_missing|sale_status_unapproved|premium_basis_unapproved|coverage_category_unapproved|risk_targets_unapproved,"Find official terms or summary PDF from carrier disclosure page, JavaScript API, or manual review."
2026-05-28T02:28:05.352+09:00,미래에셋생명,암보험,온라인 암보험 무배당 [기본형],"4,510원",L34C009000021,https://e-insmarket.or.kr/m/cancerIns/cancerInsList.knia?action=search&age=34&enterType=A&indemnityTypeA=1&prdtSmlClsCd=D001&renewTypeA=C1&renewTypeB=&sex=2,https://life.miraeasset.com/online/index.do?_OC_=1363#MO-DR-020000-000000,not_probed,0,not_probed,0,0,,,,needs_source_document,official_document_hash_missing|sale_status_unapproved|premium_basis_unapproved|coverage_category_unapproved|risk_targets_unapproved,"Find official terms or summary PDF from carrier disclosure page, JavaScript API, or manual review."
2026-05-28T02:28:05.352+09:00,미래에셋생명,암보험,온라인 암보험 무배당 [해약환급금이없는유형],"6,490원",L34C009000022,https://e-insmarket.or.kr/m/cancerIns/cancerInsList.knia?action=search&age=34&enterType=A&indemnityTypeA=1&prdtSmlClsCd=D001&renewTypeA=C1&renewTypeB=&sex=2,https://life.miraeasset.com/online/index.do?_OC_=1363#MO-DR-020000-000000,not_probed,0,not_probed,0,0,,,,needs_source_document,official_document_hash_missing|sale_status_unapproved|premium_basis_unapproved|coverage_category_unapproved|risk_targets_unapproved,"Find official terms or summary PDF from carrier disclosure page, JavaScript API, or manual review."
2026-05-28T02:28:05.352+09:00,신한라이프생명,암보험,"신한SOL암보험(무배당, 해약환급금 미지급형)(비갱신형)","6,750원",L11C009000006,https://e-insmarket.or.kr/m/cancerIns/cancerInsList.knia?action=search&age=34&enterType=A&indemnityTypeA=1&prdtSmlClsCd=D001&renewTypeA=C1&renewTypeB=&sex=2,https://s.shinhanlife.co.kr/sht/6Nf1STxRv62YxH2X1wZxjQYN2qx3K.cs,accessible,0,hashed,0.85,3,summary|business_method|terms,d557ed911adc877976863155e45fec5217ebfe485aed8f0c685797d0d7314c03|9aa1ed61e51a9c67a339430266f8551cd6739bcb48d725bf298e3742fe3797ea|fcd915ee2e5440cf9542711dabd1c3014a1f5f3efef9c0a1f8fc88ed7ca40ffa,"https://shinhanlife.co.kr/bizxpress/cdh/cdhi/gd/pr/__media/%EC%83%81%ED%92%88%EC%9A%94%EC%95%BD%EC%84%9C_%EC%8B%A0%ED%95%9CSOL%EC%95%94%EB%B3%B4%ED%97%98(%EB%AC%B4%EB%B0%B0%EB%8B%B9_%ED%95%B4%EC%95%BD%ED%99%98%EA%B8%89%EA%B8%88%20%EB%AF%B8%EC%A7%80%EA%B8%89%ED%98%95)_260101.pdf|https://shinhanlife.co.kr/bizxpress/cdh/cdhi/gd/pr/__etc/%EC%82%AC%EC%97%85%EB%B0%A9%EB%B2%95%EC%84%9C_%EC%8B%A0%ED%95%9CSOL%EC%95%94%EB%B3%B4%ED%97%98(%EB%AC%B4%EB%B0%B0%EB%8B%B9,%20%ED%95%B4%EC%95%BD%ED%99%98%EA%B8%89%EA%B8%88%20%EB%AF%B8%EC%A7%80%EA%B8%89%ED%98%95)_260101.pdf|https://shinhanlife.co.kr/bizxpress/cdh/cdhi/gd/pr/__etc/%ED%8C%90%EB%A7%A4%EC%95%BD%EA%B4%80_%EC%8B%A0%ED%95%9CSOL%EC%95%94%EB%B3%B4%ED%97%98(%EB%AC%B4%EB%B0%B0%EB%8B%B9,%20%ED%95%B4%EC%95%BD%ED%99%98%EA%B8%89%EA%B8%88%20%EB%AF%B8%EC%A7%80%EA%B8%89%ED%98%95)_260101.pdf",needs_human_review,sale_status_unapproved|premium_basis_unapproved|coverage_category_unapproved|risk_targets_unapproved,"Verify product identity, sale status, premium basis, coverage_category, and risk_targets."
2026-05-28T02:28:05.352+09:00,신한라이프생명,암보험,신한SOL암보험(무배당)(비갱신형),"7,870원",L11C009000007,https://e-insmarket.or.kr/m/cancerIns/cancerInsList.knia?action=search&age=34&enterType=A&indemnityTypeA=1&prdtSmlClsCd=D001&renewTypeA=C1&renewTypeB=&sex=2,https://s.shinhanlife.co.kr/sht/6Nf1STxRv62YxH2X1wZxjQYN2qx3K.cs,not_probed,0,not_probed,0,0,,,,needs_source_document,official_document_hash_missing|sale_status_unapproved|premium_basis_unapproved|coverage_category_unapproved|risk_targets_unapproved,"Find official terms or summary PDF from carrier disclosure page, JavaScript API, or manual review."
2026-05-28T02:28:05.352+09:00,KDB생명,암보험,KDB다이렉트 암보험(해약환급금 미지급형III)(무),"8,020원",L33C009000025,https://e-insmarket.or.kr/m/cancerIns/cancerInsList.knia?action=search&age=34&enterType=A&indemnityTypeA=1&prdtSmlClsCd=D001&renewTypeA=C1&renewTypeB=&sex=2,https://direct.kdblife.co.kr/p/p.do?ev=1533801,not_probed,0,not_probed,0,0,,,,needs_source_document,official_document_hash_missing|sale_status_unapproved|premium_basis_unapproved|coverage_category_unapproved|risk_targets_unapproved,"Find official terms or summary PDF from carrier disclosure page, JavaScript API, or manual review."
2026-05-28T02:28:05.352+09:00,교보라이프플래닛,암보험,"(무)교보라플 비갱신암보험(해약환급금 미지급형, 비흡연체)","8,410원",L43C009000022,https://e-insmarket.or.kr/m/cancerIns/cancerInsList.knia?action=search&age=34&enterType=A&indemnityTypeA=1&prdtSmlClsCd=D001&renewTypeA=C1&renewTypeB=&sex=2,https://m.lifeplanet.co.kr:444/lpds2/insurance/protection-cancer-insurance.dev,not_probed,0,not_probed,0,0,,,,needs_source_document,official_document_hash_missing|sale_status_unapproved|premium_basis_unapproved|coverage_category_unapproved|risk_targets_unapproved,"Find official terms or summary PDF from carrier disclosure page, JavaScript API, or manual review."
2026-05-28T02:28:05.352+09:00,교보라이프플래닛,암보험,"(무)교보라플 비갱신암보험(해약환급금 미지급형, 표준체)","8,490원",L43C009000019,https://e-insmarket.or.kr/m/cancerIns/cancerInsList.knia?action=search&age=34&enterType=A&indemnityTypeA=1&prdtSmlClsCd=D001&renewTypeA=C1&renewTypeB=&sex=2,https://m.lifeplanet.co.kr:444/lpds2/insurance/protection-cancer-insurance.dev,not_probed,0,not_probed,0,0,,,,needs_source_document,official_document_hash_missing|sale_status_unapproved|premium_basis_unapproved|coverage_category_unapproved|risk_targets_unapproved,"Find official terms or summary PDF from carrier disclosure page, JavaScript API, or manual review."
2026-05-28T02:28:05.352+09:00,DB생명,암보험,(무)e로운 암보험(해약환급금 미지급형)(2601),"9,700원",L71C009000006,https://e-insmarket.or.kr/m/cancerIns/cancerInsList.knia?action=search&age=34&enterType=A&indemnityTypeA=1&prdtSmlClsCd=D001&renewTypeA=C1&renewTypeB=&sex=2,https://direct.idblife.com/,accessible,0,no_match,0.3333,0,,,,needs_source_document,official_document_hash_missing|sale_status_unapproved|premium_basis_unapproved|coverage_category_unapproved|risk_targets_unapproved,"Find official terms or summary PDF from carrier disclosure page, JavaScript API, or manual review."
2026-05-28T02:28:05.352+09:00,동양생명,암보험,(무)우리WON하는실속하나로암보험,"11,000원",L74C009000006,https://e-insmarket.or.kr/m/cancerIns/cancerInsList.knia?action=search&age=34&enterType=A&indemnityTypeA=1&prdtSmlClsCd=D001&renewTypeA=C1&renewTypeB=&sex=2,,not_probed,0,not_probed,0,0,,,,needs_official_product_url,official_product_url_missing|official_document_hash_missing|sale_status_unapproved|premium_basis_unapproved|coverage_category_unapproved|risk_targets_unapproved,Recover official product URL from source page or manual review.
2026-05-28T02:28:05.352+09:00,한화손보,암보험,한화 다이렉트 내가고른 암보험 무배당2604,"12,204원",N02C009000016,https://e-insmarket.or.kr/m/cancerIns/cancerInsList.knia?action=search&age=34&enterType=A&indemnityTypeA=1&prdtSmlClsCd=D001&renewTypeA=C1&renewTypeB=&sex=2,https://www.hanwhadirect.com/landing.do?cmpgId=1000001444,not_probed,0,not_probed,0,0,,,,needs_source_document,official_document_hash_missing|sale_status_unapproved|premium_basis_unapproved|coverage_category_unapproved|risk_targets_unapproved,"Find official terms or summary PDF from carrier disclosure page, JavaScript API, or manual review."
2026-05-28T02:28:05.352+09:00,농협손보,실손의료보험,(무) 헤아림실손의료비보험2605,"5,745원",N71G004000001G,https://e-insmarket.or.kr/m/mins/minsInsList.knia,https://www.nhfire.co.kr/product/retrieveProduct.nhfire?pdtCd=D711117,not_probed,0,not_probed,0,0,,,,needs_source_document,official_document_hash_missing|sale_status_unapproved|premium_basis_unapproved|coverage_category_unapproved|risk_targets_unapproved,"Find official terms or summary PDF from carrier disclosure page, JavaScript API, or manual review."
2026-05-28T02:28:05.352+09:00,DB손보,실손의료보험,(무)다이렉트 실손의료비보험2605(CM),"6,219원",N11G004000001G,https://e-insmarket.or.kr/m/mins/minsInsList.knia,https://m.directdb.co.kr/ltm/prd/pmimdcs/custInfoView.do?searchPdcCd=31020&searchPdcTrtHistCd=00&pdcDvcd=l_pmi,accessible,0,hashed,1,3,terms|business_method|summary,db24ea2e2dbf2f4200d0aabe86d92a26e0b3d4962e521f99a6ee35f901997074|3a7a855b44c2d58eb0845cb4031ce8e71e62241fbe3987a9c3895e5ecfb27019|334fd0bd1c7d49e1729b8584eefbb7bd02cdb5112de6e8371357be09befc77ac,https://www.idbins.com/cYakgwanDown.do?FilePath=InsProduct/%EC%95%BD%EA%B4%80_31227(00)_20260506.pdf|https://www.idbins.com/cYakgwanDown.do?FilePath=InsProduct/%EC%82%AC%EB%B0%A9_31227(00)_20260506.pdf|https://www.idbins.com/cYakgwanDown.do?FilePath=InsProduct/%EC%9A%94%EC%95%BD_31227(00)_20260506.pdf,needs_human_review,sale_status_unapproved|premium_basis_unapproved|coverage_category_unapproved|risk_targets_unapproved,"Verify product identity, sale status, premium basis, coverage_category, and risk_targets."
2026-05-28T02:28:05.352+09:00,한화손보,실손의료보험,한화다이렉트실손의료보험(갱신형)Ⅴ 무배당,"6,394원",N02G004000001G,https://e-insmarket.or.kr/m/mins/minsInsList.knia,,not_probed,0,not_probed,0,0,,,,needs_official_product_url,official_product_url_missing|official_document_hash_missing|sale_status_unapproved|premium_basis_unapproved|coverage_category_unapproved|risk_targets_unapproved,Recover official product URL from source page or manual review.
2026-05-28T02:28:05.352+09:00,KB손보,실손의료보험,KB손보 다이렉트실손의료비보장보험(무배당)(26.05),"6,400원",N10G004000002G,https://e-insmarket.or.kr/m/mins/minsInsList.knia,https://m.kbinsure.co.kr:8547/dctapp/main.html#/GLM/RD/LT_CM0101M,accessible,0,hashed,1,1,terms,4c5927fb929cae39c4f5a4957945a75e208769a6d7c46d7e892c2942ffe8e98a,https://m.kbinsure.co.kr:8547/dctapp/views/terms/KB_Direct_Medical(25192)_202605.pdf,needs_human_review,sale_status_unapproved|premium_basis_unapproved|coverage_category_unapproved|risk_targets_unapproved,"Verify product identity, sale status, premium basis, coverage_category, and risk_targets."
2026-05-28T02:28:05.352+09:00,삼성화재,실손의료보험,무배당 삼성화재 다이렉트 실손의료비보험(2605.1),"6,575원",N08G004000002G,https://e-insmarket.or.kr/m/mins/minsInsList.knia,http://direct.samsungfire.com/CR_MyAnycarWeb/overture_index.jsp?OTK=Q1510OB0001,accessible,0,hashed,0.65,1,terms,db0ed9738c9f59fbb28b678b910e0bdd3ef4bf08bdac52643c2e2dd167003415,https://direct.samsungfire.com/docs/realloss.pdf,needs_human_review,sale_status_unapproved|premium_basis_unapproved|coverage_category_unapproved|risk_targets_unapproved,"Verify product identity, sale status, premium basis, coverage_category, and risk_targets."
2026-05-28T02:28:05.352+09:00,메리츠화재,실손의료보험,(무) 메리츠 다이렉트 실손의료비보험2605,"6,643원",N01G004000002G,https://e-insmarket.or.kr/m/mins/minsInsList.knia,https://www.meritzdirect.com/DMI1610DM000001/southeaster.do#!/,not_probed,0,not_probed,0,0,,,,needs_source_document,official_document_hash_missing|sale_status_unapproved|premium_basis_unapproved|coverage_category_unapproved|risk_targets_unapproved,"Find official terms or summary PDF from carrier disclosure page, JavaScript API, or manual review."
2026-05-28T02:28:05.352+09:00,현대해상,실손의료보험,(무)현대해상다이렉트실손의료비보장보험(갱신형)(Hi2605),"6,740원",N09G004000001G,https://e-insmarket.or.kr/m/mins/minsInsList.knia,https://mdirect.hi.co.kr/service.do?m=16baef8710&simpCalc=Y&embrYn=Y&utm_source=damoa&utm_medium=partner&utm_campaign=medical_mo&HDMS1=partner&HDMS2=damoa&HDMS3=damoa&HDMS4=medical_mo&inpath=e_sure_market,accessible,0,hashed,1,1,terms,af92c7ee0f31d3aaf8eb4f05f9918b81795405bb51dbeb5346dbff910aea5f4a,https://mdirect.hi.co.kr/dhNAS/terms/CM12M2_20260506.pdf,needs_human_review,sale_status_unapproved|premium_basis_unapproved|coverage_category_unapproved|risk_targets_unapproved,"Verify product identity, sale status, premium basis, coverage_category, and risk_targets."
2026-05-28T02:28:05.352+09:00,흥국화재,실손의료보험,(무)흥Good 다이렉트 실손의료보험(26.05),"7,995원",N05G004000001G,https://e-insmarket.or.kr/m/mins/minsInsList.knia,https://direct.heungkukfire.co.kr/?ccid=0606001007#/CMMOBDPRM4001,not_probed,0,not_probed,0,0,,,,needs_source_document,official_document_hash_missing|sale_status_unapproved|premium_basis_unapproved|coverage_category_unapproved|risk_targets_unapproved,"Find official terms or summary PDF from carrier disclosure page, JavaScript API, or manual review."
2026-05-28T02:28:05.352+09:00,롯데손보,실손의료보험,무배당 let:care 실손의료보험Ⅴ(2605),"12,183원",N03G004000001G,https://e-insmarket.or.kr/m/mins/minsInsList.knia,,not_probed,0,not_probed,0,0,,,,needs_official_product_url,official_product_url_missing|official_document_hash_missing|sale_status_unapproved|premium_basis_unapproved|coverage_category_unapproved|risk_targets_unapproved,Recover official product URL from source page or manual review.
2026-05-28T02:28:05.352+09:00,KB손보,유병력자실손의료보험,KB손보 다이렉트간편가입 실손의료비보장보험(무배당)(26.01),"29,422원",N10G002000011A,https://e-insmarket.or.kr/m/mins/minsInsList.knia,https://m.kbinsure.co.kr:8547/dctapp/main.html#/GLM/LSM/LT_CM0101M?mdmn=LBF0204,not_probed,0,not_probed,0,0,,,,needs_source_document,official_document_hash_missing|sale_status_unapproved|premium_basis_unapproved|coverage_category_unapproved|risk_targets_unapproved,"Find official terms or summary PDF from carrier disclosure page, JavaScript API, or manual review."
2026-05-28T02:28:05.352+09:00,DB손보,유병력자실손의료보험,다이렉트 간편실손의료비보험(유병력자용)2604(CM),"31,561원",N11G002000008A,https://e-insmarket.or.kr/m/mins/minsInsList.knia,https://m.directdb.co.kr/contents/contents.do?rtnUrl=cms/product/ltmgnrl/splcarc.cms.product,not_probed,0,not_probed,0,0,,,,needs_source_document,official_document_hash_missing|sale_status_unapproved|premium_basis_unapproved|coverage_category_unapproved|risk_targets_unapproved,"Find official terms or summary PDF from carrier disclosure page, JavaScript API, or manual review."
2026-05-28T02:28:05.352+09:00,삼성화재,유병력자실손의료보험,무배당 삼성화재 다이렉트 유병력자실손의료비보험(2601.10),"32,126원",N08G002000010A,https://e-insmarket.or.kr/m/mins/minsInsList.knia,https://direct.samsungfire.com/CR_MyAnycarWeb/overture_index.jsp?OTK=QA2003OB001,not_probed,0,not_probed,0,0,,,,needs_source_document,official_document_hash_missing|sale_status_unapproved|premium_basis_unapproved|coverage_category_unapproved|risk_targets_unapproved,"Find official terms or summary PDF from carrier disclosure page, JavaScript API, or manual review."
2026-05-28T02:28:05.352+09:00,신한라이프생명,질병보험,신한SOL뇌심보험(무배당)(실속형),"1,200원",L11C001000010,https://e-insmarket.or.kr/m/guaranteeIns/guaranteeInsList.knia?menuId=C001,https://s.shinhanlife.co.kr/sht/7usgRFru7NSq5M9u646KH1ot4epnD.cs,not_probed,0,not_probed,0,0,,,,needs_source_document,official_document_hash_missing|sale_status_unapproved|premium_basis_unapproved|coverage_category_unapproved|risk_targets_unapproved,"Find official terms or summary PDF from carrier disclosure page, JavaScript API, or manual review."
2026-05-28T02:28:05.352+09:00,신한EZ손해보험,질병보험,신한 SOL 면역질환보험(무배당)(자동갱신형),"1,817원",N66C003000006,https://e-insmarket.or.kr/m/guaranteeIns/guaranteeInsList.knia?menuId=C001,https://sh.ez.shinhanez.co.kr/8b2xdc,not_probed,0,not_probed,0,0,,,,needs_source_document,official_document_hash_missing|sale_status_unapproved|premium_basis_unapproved|coverage_category_unapproved|risk_targets_unapproved,"Find official terms or summary PDF from carrier disclosure page, JavaScript API, or manual review."
2026-05-28T02:28:05.352+09:00,농협생명,질병보험,NHe뇌심건강보험(무배당),"3,600원",L42C001000006,https://e-insmarket.or.kr/m/guaranteeIns/guaranteeInsList.knia?menuId=C001,https://www.nhelife.co.kr/ni/ig/NIIG0007M00.nhl,not_probed,0,not_probed,0,0,,,,needs_source_document,official_document_hash_missing|sale_status_unapproved|premium_basis_unapproved|coverage_category_unapproved|risk_targets_unapproved,"Find official terms or summary PDF from carrier disclosure page, JavaScript API, or manual review."
2026-05-28T02:28:05.352+09:00,신한라이프생명,질병보험,신한SOL뇌심보험(무배당)(고급형),"4,200원",L11C001000009,https://e-insmarket.or.kr/m/guaranteeIns/guaranteeInsList.knia?menuId=C001,https://s.shinhanlife.co.kr/sht/7usgRFru7NSq5M9u646KH1ot4epnD.cs,not_probed,0,not_probed,0,0,,,,needs_source_document,official_document_hash_missing|sale_status_unapproved|premium_basis_unapproved|coverage_category_unapproved|risk_targets_unapproved,"Find official terms or summary PDF from carrier disclosure page, JavaScript API, or manual review."
2026-05-28T02:28:05.352+09:00,신한EZ손해보험,질병보험,신한 SOL 뇌·심장보험(무배당)(자동갱신형),"5,972원",N66C003000007,https://e-insmarket.or.kr/m/guaranteeIns/guaranteeInsList.knia?menuId=C001,https://sh.ez.shinhanez.co.kr/x53b9u,not_probed,0,not_probed,0,0,,,,needs_source_document,official_document_hash_missing|sale_status_unapproved|premium_basis_unapproved|coverage_category_unapproved|risk_targets_unapproved,"Find official terms or summary PDF from carrier disclosure page, JavaScript API, or manual review."
2026-05-28T02:28:05.352+09:00,신한EZ손해보험,질병보험,신한 SOL 종합건강보험 (무배당)(자동갱신형),"8,356원",N66C003000008,https://e-insmarket.or.kr/m/guaranteeIns/guaranteeInsList.knia?menuId=C001,https://sh.ez.shinhanez.co.kr/mwi2f0,not_probed,0,not_probed,0,0,,,,needs_source_document,official_document_hash_missing|sale_status_unapproved|premium_basis_unapproved|coverage_category_unapproved|risk_targets_unapproved,"Find official terms or summary PDF from carrier disclosure page, JavaScript API, or manual review."
2026-05-28T02:28:05.352+09:00,삼성생명,질병보험,"삼성 인터넷 입원 건강보험(2601)(무배당,무해약환급금형)","8,650원",L03C001000015,https://e-insmarket.or.kr/m/guaranteeIns/guaranteeInsList.knia?menuId=C001,https://direct.samsunglife.com/damoa.eds?cid=di:insmarket:damoa:insmarket:240513,accessible,0,hashed,1,1,terms,ce40ecf0629246dd761d63c9badbc04d32e74839fce8a4d74176277b8e5d1363,"https://direct.samsunglife.com/contents/policy_was/%EA%B8%B0%ED%83%80_%EC%82%BC%EC%84%B1%20%EC%9D%B8%ED%84%B0%EB%84%B7%20%EC%9E%85%EC%9B%90%20%EA%B1%B4%EA%B0%95%EB%B3%B4%ED%97%98(2601)(%EB%AC%B4%EB%B0%B0%EB%8B%B9,%EB%AC%B4%ED%95%B4%EC%95%BD%ED%99%98%EA%B8%89%EA%B8%88%ED%98%95)_%ED%86%B5%ED%95%A9%EC%95%BD%EA%B4%80_20260101.pdf",needs_human_review,sale_status_unapproved|premium_basis_unapproved|coverage_category_unapproved|risk_targets_unapproved,"Verify product identity, sale status, premium basis, coverage_category, and risk_targets."
2026-05-28T02:28:05.352+09:00,삼성생명,질병보험,"삼성 인터넷 뇌심건강보험(2505)(갱신형,무배당)","9,396원",L03C001000012,https://e-insmarket.or.kr/m/guaranteeIns/guaranteeInsList.knia?menuId=C001,,not_probed,0,not_probed,0,0,,,,needs_official_product_url,official_product_url_missing|official_document_hash_missing|sale_status_unapproved|premium_basis_unapproved|coverage_category_unapproved|risk_targets_unapproved,Recover official product URL from source page or manual review.
2026-05-28T02:28:05.352+09:00,삼성생명,질병보험,"삼성 인터넷 경증간편 입원 건강보험(2601)(무배당,무해약환급금형)","10,662원",L03C001000010,https://e-insmarket.or.kr/m/guaranteeIns/guaranteeInsList.knia?menuId=C001,https://direct.samsunglife.com/damoa.eds?diytype=2&cid=di:insmarket:damoa2:damoa,not_probed,0,not_probed,0,0,,,,needs_source_document,official_document_hash_missing|sale_status_unapproved|premium_basis_unapproved|coverage_category_unapproved|risk_targets_unapproved,"Find official terms or summary PDF from carrier disclosure page, JavaScript API, or manual review."
2026-05-28T02:28:05.352+09:00,한화생명,질병보험,한화생명 e건강보험 무배당,"11,491원",L01C001000011,https://e-insmarket.or.kr/m/guaranteeIns/guaranteeInsList.knia?menuId=C001,,not_probed,0,not_probed,0,0,,,,needs_official_product_url,official_product_url_missing|official_document_hash_missing|sale_status_unapproved|premium_basis_unapproved|coverage_category_unapproved|risk_targets_unapproved,Recover official product URL from source page or manual review.
2026-05-28T02:28:05.352+09:00,한화생명,질병보험,한화생명 걸음e건강보험 무배당,"11,491원",L01C001000012,https://e-insmarket.or.kr/m/guaranteeIns/guaranteeInsList.knia?menuId=C001,,not_probed,0,not_probed,0,0,,,,needs_official_product_url,official_product_url_missing|official_document_hash_missing|sale_status_unapproved|premium_basis_unapproved|coverage_category_unapproved|risk_targets_unapproved,Recover official product URL from source page or manual review.
2026-05-28T02:28:05.352+09:00,DB생명,질병보험,(무)e로운 뇌혈관질환보장보험(해약환급금 미지급형)(2601),"11,500원",L71C001000017,https://e-insmarket.or.kr/m/guaranteeIns/guaranteeInsList.knia?menuId=C001,https://direct.idblife.com/,not_probed,0,not_probed,0,0,,,,needs_source_document,official_document_hash_missing|sale_status_unapproved|premium_basis_unapproved|coverage_category_unapproved|risk_targets_unapproved,"Find official terms or summary PDF from carrier disclosure page, JavaScript API, or manual review."
2026-05-28T02:28:05.352+09:00,삼성생명,질병보험,"삼성 시그널건강보험(2601)(무배당,무해약환급금형)","11,712원",L03C001000014,https://e-insmarket.or.kr/m/guaranteeIns/guaranteeInsList.knia?menuId=C001,https://direct.samsunglife.com/signal.eds?cid=di:insmarket:signal:insmarket:250924,not_probed,0,not_probed,0,0,,,,needs_source_document,official_document_hash_missing|sale_status_unapproved|premium_basis_unapproved|coverage_category_unapproved|risk_targets_unapproved,"Find official terms or summary PDF from carrier disclosure page, JavaScript API, or manual review."
2026-05-28T02:28:05.352+09:00,DB생명,질병보험,(무)e로운 허혈성심장질환보장보험(해약환급금 미지급형)(2601),"12,200원",L71C001000016,https://e-insmarket.or.kr/m/guaranteeIns/guaranteeInsList.knia?menuId=C001,https://direct.idblife.com/,not_probed,0,not_probed,0,0,,,,needs_source_document,official_document_hash_missing|sale_status_unapproved|premium_basis_unapproved|coverage_category_unapproved|risk_targets_unapproved,"Find official terms or summary PDF from carrier disclosure page, JavaScript API, or manual review."
2026-05-28T02:28:05.352+09:00,삼성생명,질병보험,"삼성 인터넷 신간편 뇌심건강보험(2505)(갱신형,무배당)","12,236원",L03C001000013,https://e-insmarket.or.kr/m/guaranteeIns/guaranteeInsList.knia?menuId=C001,,not_probed,0,not_probed,0,0,,,,needs_official_product_url,official_product_url_missing|official_document_hash_missing|sale_status_unapproved|premium_basis_unapproved|coverage_category_unapproved|risk_targets_unapproved,Recover official product URL from source page or manual review.
2026-05-28T02:28:05.352+09:00,삼성화재,질병보험,무배당 삼성화재 다이렉트 비갱신 건강보험(2504.17)(해약환급금 미지급형Ⅱ) - 365일 간병비 플랜,"12,556원",N08C001000011,https://e-insmarket.or.kr/m/guaranteeIns/guaranteeInsList.knia?menuId=C001,http://direct.samsungfire.com/CR_MyAnycarWeb/overture_index.jsp?OTK=H2110OB0009,not_probed,0,not_probed,0,0,,,,needs_source_document,official_document_hash_missing|sale_status_unapproved|premium_basis_unapproved|coverage_category_unapproved|risk_targets_unapproved,"Find official terms or summary PDF from carrier disclosure page, JavaScript API, or manual review."
2026-05-28T02:28:05.352+09:00,삼성생명,질병보험,"삼성 인터넷 암치료보험(2501)(갱신형,무배당)","14,611원",L03C002000008,https://e-insmarket.or.kr/m/guaranteeIns/guaranteeInsList.knia?menuId=C001,https://direct.samsunglife.com/tcancer.eds?type=1&cid=di:insmarket:tcancer:damoa,not_probed,0,not_probed,0,0,,,,needs_source_document,official_document_hash_missing|sale_status_unapproved|premium_basis_unapproved|coverage_category_unapproved|risk_targets_unapproved,"Find official terms or summary PDF from carrier disclosure page, JavaScript API, or manual review."
2026-05-28T02:28:05.352+09:00,교보라이프플래닛,질병보험,(무)교보라플 2대질병보험(해약환급금 미지급형),"14,710원",L43C001000019,https://e-insmarket.or.kr/m/guaranteeIns/guaranteeInsList.knia?menuId=C001,https://m.lifeplanet.co.kr:444/lpds2/insurance/brain-heart-insurance.dev,not_probed,0,not_probed,0,0,,,,needs_source_document,official_document_hash_missing|sale_status_unapproved|premium_basis_unapproved|coverage_category_unapproved|risk_targets_unapproved,"Find official terms or summary PDF from carrier disclosure page, JavaScript API, or manual review."
2026-05-28T02:28:05.352+09:00,교보라이프플래닛,질병보험,(무)교보라플 여성건강보험(순수보장형),"17,560원",L43C001000014,https://e-insmarket.or.kr/m/guaranteeIns/guaranteeInsList.knia?menuId=C001,https://m.lifeplanet.co.kr:444/lpds2/insurance/woman-health-insurance.dev,not_probed,0,not_probed,0,0,,,,needs_source_document,official_document_hash_missing|sale_status_unapproved|premium_basis_unapproved|coverage_category_unapproved|risk_targets_unapproved,"Find official terms or summary PDF from carrier disclosure page, JavaScript API, or manual review."
2026-05-28T02:28:05.352+09:00,삼성생명,질병보험,"삼성 인터넷 신간편 암치료보험(2501)(갱신형,무배당)","18,822원",L03C002000003,https://e-insmarket.or.kr/m/guaranteeIns/guaranteeInsList.knia?menuId=C001,https://direct.samsunglife.com/tcancer.eds?type=2&cid=di:insmarket:tcancer2:damoa,not_probed,0,not_probed,0,0,,,,needs_source_document,official_document_hash_missing|sale_status_unapproved|premium_basis_unapproved|coverage_category_unapproved|risk_targets_unapproved,"Find official terms or summary PDF from carrier disclosure page, JavaScript API, or manual review."
2026-05-28T02:28:05.352+09:00,삼성화재,질병보험,무배당 삼성화재 다이렉트 AI맞춤보장보험(2601.5)(자동갱신형),"21,486원",N08C001000004,https://e-insmarket.or.kr/m/guaranteeIns/guaranteeInsList.knia?menuId=C001,http://direct.samsungfire.com/CR_MyAnycarWeb/overture_index.jsp?OTK=S0001OB0001,not_probed,0,not_probed,0,0,,,,needs_source_document,official_document_hash_missing|sale_status_unapproved|premium_basis_unapproved|coverage_category_unapproved|risk_targets_unapproved,"Find official terms or summary PDF from carrier disclosure page, JavaScript API, or manual review."
2026-05-28T02:28:05.352+09:00,신한EZ손해보험,질병보험,신한 SOL 입원비보험 (무배당 )(자동갱신형),"23,437원",N66C003000009,https://e-insmarket.or.kr/m/guaranteeIns/guaranteeInsList.knia?menuId=C001,https://sh.ez.shinhanez.co.kr/mwi2f0,not_probed,0,not_probed,0,0,,,,needs_source_document,official_document_hash_missing|sale_status_unapproved|premium_basis_unapproved|coverage_category_unapproved|risk_targets_unapproved,"Find official terms or summary PDF from carrier disclosure page, JavaScript API, or manual review."
2026-05-28T02:28:05.352+09:00,삼성화재,질병보험,무배당 삼성화재 다이렉트 비갱신 건강보험(2601.19)(해약환급금 미지급형Ⅱ),"26,342원",N08C001000016,https://e-insmarket.or.kr/m/guaranteeIns/guaranteeInsList.knia?menuId=C001,http://direct.samsungfire.com/CR_MyAnycarWeb/overture_index.jsp?OTK=H2306OB0002,not_probed,0,not_probed,0,0,,,,needs_source_document,official_document_hash_missing|sale_status_unapproved|premium_basis_unapproved|coverage_category_unapproved|risk_targets_unapproved,"Find official terms or summary PDF from carrier disclosure page, JavaScript API, or manual review."
2026-05-28T02:28:05.352+09:00,카카오페이손해보험,질병보험,무배당 건강보험,"30,458원",N70C001000001,https://e-insmarket.or.kr/m/guaranteeIns/guaranteeInsList.knia?menuId=C001,https://talk.kakaoinsure.com/bridge/corp/products?productCode=HEALTH&dc=DMA100&utm_source=partner_damoa&utm_medium=b2c_damoa&utm_campaign=damoa_health_250612&utm_content=health,not_probed,0,not_probed,0,0,,,,needs_source_document,official_document_hash_missing|sale_status_unapproved|premium_basis_unapproved|coverage_category_unapproved|risk_targets_unapproved,"Find official terms or summary PDF from carrier disclosure page, JavaScript API, or manual review."
2026-05-28T02:28:05.352+09:00,삼성화재,질병보험,무배당 삼성화재 다이렉트 건강보험(2601.16)(자동갱신형),"30,564원",N08C001000012,https://e-insmarket.or.kr/m/guaranteeIns/guaranteeInsList.knia?menuId=C001,http://direct.samsungfire.com/CR_MyAnycarWeb/overture_index.jsp?OTK=H1704OB0001,not_probed,0,not_probed,0,0,,,,needs_source_document,official_document_hash_missing|sale_status_unapproved|premium_basis_unapproved|coverage_category_unapproved|risk_targets_unapproved,"Find official terms or summary PDF from carrier disclosure page, JavaScript API, or manual review."
2026-05-28T02:28:05.352+09:00,라이나생명,질병보험,무배당 라이나 당뇨플러스건강보험,"30,800원",L51C001000015,https://e-insmarket.or.kr/m/guaranteeIns/guaranteeInsList.knia?menuId=C001,https://spot.wooribank.com/pot/Dream?withyou=ISBAC0075&cc=c026260:c026254;c012263:c012399&PRD_CD=P050000601&pPLM_BIZ_DSCD=05,not_probed,0,not_probed,0,0,,,,needs_source_document,official_document_hash_missing|sale_status_unapproved|premium_basis_unapproved|coverage_category_unapproved|risk_targets_unapproved,"Find official terms or summary PDF from carrier disclosure page, JavaScript API, or manual review."
2026-05-28T02:28:05.352+09:00,삼성화재,질병보험,"무배당 삼성화재 다이렉트 Smart 간편보험(2601.4)(자동갱신형) 1종(납입면제, 해약환급금 미지급형)","32,565원",N08C003000006,https://e-insmarket.or.kr/m/guaranteeIns/guaranteeInsList.knia?menuId=C001,http://direct.samsungfire.com/CR_MyAnycarWeb/overture_index.jsp?OTK=SS2307OB002,not_probed,0,not_probed,0,0,,,,needs_source_document,official_document_hash_missing|sale_status_unapproved|premium_basis_unapproved|coverage_category_unapproved|risk_targets_unapproved,"Find official terms or summary PDF from carrier disclosure page, JavaScript API, or manual review."
2026-05-28T02:28:05.352+09:00,교보라이프플래닛,질병보험,(무)교보라플 여성건강보험(만기환급형),"37,840원",L43C001000016,https://e-insmarket.or.kr/m/guaranteeIns/guaranteeInsList.knia?menuId=C001,https://m.lifeplanet.co.kr:444/lpds2/insurance/woman-health-insurance.dev,not_probed,0,not_probed,0,0,,,,needs_source_document,official_document_hash_missing|sale_status_unapproved|premium_basis_unapproved|coverage_category_unapproved|risk_targets_unapproved,"Find official terms or summary PDF from carrier disclosure page, JavaScript API, or manual review."
2026-05-28T02:28:05.352+09:00,삼성생명,질병보험,"삼성 팩 건강보험(2604)(무배당,무해약환급금형)","45,501원",L03C001000016,https://e-insmarket.or.kr/m/guaranteeIns/guaranteeInsList.knia?menuId=C001,https://direct.samsunglife.com/fcarecbh.eds?int=di:main:fcarecbh:menu,not_probed,0,not_probed,0,0,,,,needs_source_document,official_document_hash_missing|sale_status_unapproved|premium_basis_unapproved|coverage_category_unapproved|risk_targets_unapproved,"Find official terms or summary PDF from carrier disclosure page, JavaScript API, or manual review."
2026-05-28T02:28:05.352+09:00,교보라이프플래닛,질병보험,"(무)교보라플안심보험(생활비보장형(장해), 해약환급금 일부지급형)","130,100원",L43C012000004,https://e-insmarket.or.kr/m/guaranteeIns/guaranteeInsList.knia?menuId=C001,,not_probed,0,not_probed,0,0,,,,needs_official_product_url,official_product_url_missing|official_document_hash_missing|sale_status_unapproved|premium_basis_unapproved|coverage_category_unapproved|risk_targets_unapproved,Recover official product URL from source page or manual review.
2026-05-28T02:28:05.352+09:00,교보라이프플래닛,질병보험,"(무)교보라플안심보험(생활비보장형(장해), 표준형)","135,600원",L43C012000002,https://e-insmarket.or.kr/m/guaranteeIns/guaranteeInsList.knia?menuId=C001,,not_probed,0,not_probed,0,0,,,,needs_official_product_url,official_product_url_missing|official_document_hash_missing|sale_status_unapproved|premium_basis_unapproved|coverage_category_unapproved|risk_targets_unapproved,Recover official product URL from source page or manual review.
2026-05-28T02:28:05.352+09:00,DB생명,간병/치매보험,(무)e로운 간병입원수술보험(해약환급금 미지급형)(2601),"32,410원",L71C012000002,https://e-insmarket.or.kr/m/guaranteeIns/guaranteeInsList.knia?menuId=C012,https://direct.idblife.com/,not_probed,0,not_probed,0,0,,,,needs_source_document,official_document_hash_missing|sale_status_unapproved|premium_basis_unapproved|coverage_category_unapproved|risk_targets_unapproved,"Find official terms or summary PDF from carrier disclosure page, JavaScript API, or manual review."
